{
  "mean_active_rms": 15.310554504394531,
  "mean_rest_rms": 8.072136878967285,
  "emg_channel_means": [
    -0.736094094120009,
    -0.9171988419679954,
    -0.8865912977125053,
    -0.7331933322781617,
    -0.7500980543189155,
    -0.7591701347846725,
    -0.8086066965015284,
    -0.9205085190418563
  ],
  "emg_channel_stds": [
    14.302028022504011,
    16.904084340457725,
    19.83442084856893,
    11.129122529911395,
    10.620242181688337,
    19.20880925920211,
    20.943255026170423,
    18.36092315472671
  ],
  "acc_channel_means": [
    0.5564907249893948,
    -0.35275925669108266,
    0.4642075918057461
  ],
  "acc_channel_stds": [
    0.7252614180377562,
    0.6230909648872048,
    0.5489665518637573
  ]
}